{
  "author_slug": "author-e354f5",
  "top_keywords": [
    [
      "香港",
      0.3425
    ],
    [
      "中國",
      0.1656
    ],
    [
      "社會",
      0.1495
    ],
    [
      "美國",
      0.1493
    ],
    [
      "發展",
      0.1227
    ],
    [
      "改革",
      0.1195
    ],
    [
      "政治",
      0.1055
    ],
    [
      "經濟",
      0.0959
    ],
    [
      "政府",
      0.0826
    ],
    [
      "就是",
      0.0824
    ],
    [
      "中共",
      0.0768
    ],
    [
      "西方",
      0.0718
    ],
    [
      "不是",
      0.068
    ],
    [
      "問題",
      0.0657
    ],
    [
      "什麼",
      0.0607
    ],
    [
      "國家",
      0.0601
    ],
    [
      "中央",
      0.06
    ],
    [
      "甚至",
      0.0594
    ],
    [
      "世界",
      0.0583
    ],
    [
      "如果",
      0.0572
    ],
    [
      "因為",
      0.0572
    ],
    [
      "戰爭",
      0.0568
    ],
    [
      "兩制",
      0.0548
    ],
    [
      "認為",
      0.0547
    ],
    [
      "歷史",
      0.0536
    ],
    [
      "認識",
      0.0535
    ],
    [
      "他們",
      0.0535
    ],
    [
      "治理",
      0.0533
    ],
    [
      "一國",
      0.053
    ],
    [
      "資本",
      0.0519
    ]
  ],
  "avg_sentence_length": 49.136242504996666,
  "title_avg_length": 18.42168674698795,
  "signature_phrases": [
    "一國兩制",
    "香港社會",
    "資料圖片",
    "香港01",
    "意識形態",
    "改革開放",
    "中國式現代化",
    "二十大報告",
    "資本主義",
    "社會主義",
    "深層次矛盾",
    "經濟發展",
    "解決問題",
    "發展理念",
    "自我革命"
  ],
  "tone_profile": {
    "批判/质疑": 0.3895,
    "建设/建议": 0.4757,
    "事实/中性": 0.0412,
    "情感/故事": 0.0936
  },
  "content_type_dist": {
    "评论观点": 0.9157,
    "香港新闻": 0.0723,
    "中国新闻": 0.012
  },
  "vocabulary_richness": 0.1608
}