{
  "author_slug": "author-c2ea30",
  "top_keywords": [
    [
      "图片",
      0.1228
    ],
    [
      "香港",
      0.0988
    ],
    [
      "圖片",
      0.0776
    ],
    [
      "資料",
      0.0752
    ],
    [
      "政府",
      0.0713
    ],
    [
      "提供",
      0.058
    ],
    [
      "認為",
      0.0545
    ],
    [
      "市民",
      0.0504
    ],
    [
      "中心",
      0.0501
    ],
    [
      "包括",
      0.0477
    ],
    [
      "不少",
      0.0461
    ],
    [
      "單位",
      0.0432
    ],
    [
      "工作",
      0.0412
    ],
    [
      "計劃",
      0.0405
    ],
    [
      "當局",
      0.0404
    ],
    [
      "公屋",
      0.0382
    ],
    [
      "情況",
      0.0378
    ],
    [
      "安全",
      0.0368
    ],
    [
      "發展",
      0.0368
    ],
    [
      "房屋",
      0.0364
    ],
    [
      "現時",
      0.0362
    ],
    [
      "安排",
      0.0355
    ],
    [
      "至於",
      0.0354
    ],
    [
      "人士",
      0.0352
    ],
    [
      "申請",
      0.0349
    ],
    [
      "服務",
      0.0344
    ],
    [
      "活動",
      0.0343
    ],
    [
      "出現",
      0.0341
    ],
    [
      "工程",
      0.0338
    ],
    [
      "時間",
      0.0338
    ]
  ],
  "avg_sentence_length": 44.211833559346225,
  "title_avg_length": 30.897338403041825,
  "signature_phrases": [
    "資料圖片",
    "林遠航攝",
    "圖片图片",
    "梁鵬威攝",
    "簡約公屋",
    "航攝图片",
    "林遠航攝图片",
    "香港01",
    "海洋公園",
    "啟德體育園",
    "威攝图片",
    "梁鵬威攝图片",
    "廖雁雄图片",
    "图片香港",
    "提供图片"
  ],
  "tone_profile": {
    "批判/质疑": 0.0778,
    "建设/建议": 0.4667,
    "事实/中性": 0.4167,
    "情感/故事": 0.0389
  },
  "content_type_dist": {
    "香港新闻": 0.9518,
    "社区民生": 0.0393,
    "教育": 0.0063,
    "娱乐": 0.0025
  },
  "vocabulary_richness": 0.1671
}