{
  "author_slug": "author-1c4308",
  "top_keywords": [
    [
      "图片",
      0.1996
    ],
    [
      "ig",
      0.1135
    ],
    [
      "品牌",
      0.1066
    ],
    [
      "手袋",
      0.0949
    ],
    [
      "推薦",
      0.0788
    ],
    [
      "肌膚",
      0.0784
    ],
    [
      "感覺",
      0.07
    ],
    [
      "造型",
      0.065
    ],
    [
      "設計",
      0.0636
    ],
    [
      "不少",
      0.0614
    ],
    [
      "同時",
      0.0607
    ],
    [
      "官網",
      0.0601
    ],
    [
      "提供",
      0.0599
    ],
    [
      "系列",
      0.0595
    ],
    [
      "因此",
      0.0592
    ],
    [
      "女生",
      0.0578
    ],
    [
      "對方",
      0.0538
    ],
    [
      "魅力",
      0.0524
    ],
    [
      "展現",
      0.0524
    ],
    [
      "分享",
      0.0519
    ],
    [
      "使用",
      0.0456
    ],
    [
      "大家",
      0.0446
    ],
    [
      "不同",
      0.0445
    ],
    [
      "非常",
      0.0436
    ],
    [
      "不過",
      0.0426
    ],
    [
      "保持",
      0.0421
    ],
    [
      "兩人",
      0.042
    ],
    [
      "雖然",
      0.0412
    ],
    [
      "dior",
      0.04
    ],
    [
      "而且",
      0.04
    ]
  ],
  "avg_sentence_length": 45.418176129054686,
  "title_avg_length": 33.722877358490564,
  "signature_phrases": [
    "品牌提供",
    "品牌官網",
    "GettyImages",
    "感覺图片",
    "魅力图片",
    "推薦2026",
    "LouisVuitton",
    "图片名牌",
    "图片尚快",
    "01女生",
    "推薦2025",
    "推薦2024",
    "康城影展",
    "氛圍图片",
    "造型盤點"
  ],
  "tone_profile": {
    "批判/质疑": 0.0348,
    "建设/建议": 0.7478,
    "事实/中性": 0.0957,
    "情感/故事": 0.1217
  },
  "content_type_dist": {
    "其他": 0.9988,
    "旅游生活": 0.0012
  },
  "vocabulary_richness": 0.1458
}