{
  "author_slug": "author-85b153",
  "top_keywords": [
    [
      "香港",
      0.1195
    ],
    [
      "政府",
      0.0775
    ],
    [
      "公司",
      0.0702
    ],
    [
      "中國",
      0.0606
    ],
    [
      "图片",
      0.0568
    ],
    [
      "發展",
      0.052
    ],
    [
      "市場",
      0.0467
    ],
    [
      "工作",
      0.0461
    ],
    [
      "認為",
      0.0432
    ],
    [
      "包括",
      0.0409
    ],
    [
      "以及",
      0.0401
    ],
    [
      "希望",
      0.0396
    ],
    [
      "增長",
      0.0393
    ],
    [
      "市民",
      0.0392
    ],
    [
      "企業",
      0.0386
    ],
    [
      "服務",
      0.0372
    ],
    [
      "立法",
      0.0368
    ],
    [
      "已經",
      0.0367
    ],
    [
      "活動",
      0.0365
    ],
    [
      "資料",
      0.0362
    ],
    [
      "經濟",
      0.0362
    ],
    [
      "提供",
      0.0359
    ],
    [
      "日本",
      0.0354
    ],
    [
      "美國",
      0.0348
    ],
    [
      "需要",
      0.034
    ],
    [
      "計劃",
      0.0339
    ],
    [
      "合作",
      0.0327
    ],
    [
      "圖片",
      0.0323
    ],
    [
      "基金",
      0.0319
    ],
    [
      "問題",
      0.0316
    ]
  ],
  "avg_sentence_length": 48.80093335277818,
  "title_avg_length": 26.330866025166543,
  "signature_phrases": [
    "資料圖片",
    "特區政府"
  ],
  "tone_profile": {
    "批判/质疑": 0.0709,
    "建设/建议": 0.2785,
    "事实/中性": 0.6203,
    "情感/故事": 0.0304
  },
  "content_type_dist": {
    "香港新闻": 0.5418,
    "财经商业": 0.4419,
    "社区民生": 0.0163
  },
  "vocabulary_richness": 0.171
}