{
  "author_slug": "author-fabe4a",
  "top_keywords": [
    [
      "图片",
      0.1955
    ],
    [
      "節目",
      0.1352
    ],
    [
      "截圖",
      0.1283
    ],
    [
      "ig",
      0.0763
    ],
    [
      "丁子朗",
      0.0742
    ],
    [
      "演唱",
      0.0572
    ],
    [
      "因為",
      0.0568
    ],
    [
      "香港",
      0.0539
    ],
    [
      "圖片",
      0.0526
    ],
    [
      "已經",
      0.049
    ],
    [
      "不少",
      0.049
    ],
    [
      "平台",
      0.0485
    ],
    [
      "網民",
      0.0481
    ],
    [
      "大家",
      0.0481
    ],
    [
      "社交",
      0.047
    ],
    [
      "提供",
      0.0432
    ],
    [
      "他們",
      0.0414
    ],
    [
      "一個",
      0.0412
    ],
    [
      "二人",
      0.0411
    ],
    [
      "東張",
      0.0401
    ],
    [
      "tvb",
      0.0401
    ],
    [
      "公關",
      0.038
    ],
    [
      "mirror",
      0.0376
    ],
    [
      "胡凱欣",
      0.0366
    ],
    [
      "十分",
      0.0351
    ],
    [
      "立即",
      0.035
    ],
    [
      "影片",
      0.0347
    ],
    [
      "早前",
      0.0325
    ],
    [
      "直播",
      0.0323
    ],
    [
      "粉絲",
      0.0318
    ]
  ],
  "avg_sentence_length": 34.51003920636806,
  "title_avg_length": 30.107692307692307,
  "signature_phrases": [
    "節目截圖",
    "截圖图片",
    "節目截圖图片",
    "图片丁子朗",
    "社交平台",
    "公關提供",
    "東張西望",
    "俠醫截圖",
    "俠醫截圖图片",
    "提供图片",
    "公關提供图片",
    "圖片图片",
    "影片截圖",
    "截圖图片丁子朗",
    "中年好聲音"
  ],
  "tone_profile": {
    "批判/质疑": 0.0678,
    "建设/建议": 0.4915,
    "事实/中性": 0.0678,
    "情感/故事": 0.3729
  },
  "content_type_dist": {
    "娱乐": 1.0
  },
  "vocabulary_richness": 0.1399
}