{
  "author_slug": "author-0c9d9b",
  "top_keywords": [
    [
      "美元",
      0.1361
    ],
    [
      "公司",
      0.095
    ],
    [
      "美國",
      0.0771
    ],
    [
      "市場",
      0.0697
    ],
    [
      "图片",
      0.067
    ],
    [
      "增長",
      0.0543
    ],
    [
      "聯儲局",
      0.0522
    ],
    [
      "特朗普",
      0.0519
    ],
    [
      "經濟",
      0.0469
    ],
    [
      "ai",
      0.0459
    ],
    [
      "預期",
      0.043
    ],
    [
      "中國",
      0.0429
    ],
    [
      "政策",
      0.0419
    ],
    [
      "reuters",
      0.0403
    ],
    [
      "億元",
      0.0386
    ],
    [
      "全球",
      0.0374
    ],
    [
      "投資",
      0.037
    ],
    [
      "我們",
      0.037
    ],
    [
      "數據",
      0.0364
    ],
    [
      "關稅",
      0.0356
    ],
    [
      "交易",
      0.0352
    ],
    [
      "預計",
      0.035
    ],
    [
      "該行",
      0.0342
    ],
    [
      "減息",
      0.034
    ],
    [
      "顯示",
      0.0333
    ],
    [
      "認為",
      0.0329
    ],
    [
      "通脹",
      0.0325
    ],
    [
      "投資者",
      0.0321
    ],
    [
      "利率",
      0.0318
    ],
    [
      "汽車",
      0.0316
    ]
  ],
  "avg_sentence_length": 47.58098430595764,
  "title_avg_length": 28.28828828828829,
  "signature_phrases": [
    "25基點",
    "图片圖為",
    "基點機會率",
    "數據顯示",
    "利率不變",
    "按年增長",
    "維持利率",
    "維持利率不變",
    "不確定性"
  ],
  "tone_profile": {
    "批判/质疑": 0.0177,
    "建设/建议": 0.1359,
    "事实/中性": 0.836,
    "情感/故事": 0.0103
  },
  "content_type_dist": {
    "财经商业": 1.0
  },
  "vocabulary_richness": 0.1929
}