{
  "author_slug": "author-04efc6",
  "top_keywords": [
    [
      "美國",
      0.0994
    ],
    [
      "特朗普",
      0.0918
    ],
    [
      "图片",
      0.0775
    ],
    [
      "報道",
      0.0617
    ],
    [
      "reuters",
      0.0598
    ],
    [
      "我們",
      0.0594
    ],
    [
      "總統",
      0.0576
    ],
    [
      "政府",
      0.0534
    ],
    [
      "中國",
      0.0529
    ],
    [
      "日本",
      0.0511
    ],
    [
      "公司",
      0.0506
    ],
    [
      "他們",
      0.0437
    ],
    [
      "進行",
      0.0433
    ],
    [
      "關稅",
      0.0425
    ],
    [
      "包括",
      0.0417
    ],
    [
      "英國",
      0.0365
    ],
    [
      "安全",
      0.0363
    ],
    [
      "圖為",
      0.0358
    ],
    [
      "美元",
      0.0358
    ],
    [
      "發生",
      0.0347
    ],
    [
      "地區",
      0.0344
    ],
    [
      "舉行",
      0.0335
    ],
    [
      "問題",
      0.0334
    ],
    [
      "國家",
      0.0331
    ],
    [
      "getty",
      0.0321
    ],
    [
      "以及",
      0.0319
    ],
    [
      "活動",
      0.0319
    ],
    [
      "影片",
      0.0308
    ],
    [
      "一個",
      0.0308
    ],
    [
      "希望",
      0.0307
    ]
  ],
  "avg_sentence_length": 45.37839692561076,
  "title_avg_length": 28.19090909090909,
  "signature_phrases": [
    "图片2025",
    "總統特朗普",
    "DonaldTrump",
    "特朗普Donald",
    "特朗普DonaldTrump",
    "總統特朗普Donald",
    "美國總統",
    "美國總統特朗普",
    "图片圖為",
    "路透社報道",
    "Trump譯川普",
    "DonaldTrump譯川普",
    "圖為2025"
  ],
  "tone_profile": {
    "批判/质疑": 0.0727,
    "建设/建议": 0.2364,
    "事实/中性": 0.5758,
    "情感/故事": 0.1152
  },
  "content_type_dist": {
    "国际新闻": 1.0
  },
  "vocabulary_richness": 0.2192
}